pedido_id,centro_distribucion,canal,familia_producto,unidades,precio_unitario,descuento_pct,costo_unitario,costo_envio,dias_entrega,calificacion,devuelto
P0001,Oriente,Web,Oficina,3,42,0,18.5,9.43,4,5,No
P0002,Occidente,App,Accesorios,1,12,0.05,6.4,6.76,5,4,No
P0003,Norte,Marketplace,Accesorios,1,35,0.1,14.84,6.89,9,2,No
P0004,Oriente,Web,Oficina,1,24,0,9.58,10.06,3,5,No
P0005,Centro,Web,Cuidado_personal,7,14,0,9.15,9.92,4,5,No
P0006,Centro,Marketplace,Audio,7,65,0.15,39.5,9.27,9,3,No
P0007,Oriente,App,Accesorios,5,6,0.25,3.03,7.58,1,5,No
P0008,Occidente,Marketplace,Hogar,6,80,0.1,50.23,6.77,4,5,No
P0009,Occidente,Web,Oficina,1,24,0,10.53,11.42,4,3,Si
P0010,Norte,Marketplace,Oficina,1,42,0,20.55,9.86,6,4,No
P0011,Centro,App,Hogar,6,55,0.1,33.32,11.57,5,5,No
P0012,Norte,Web,Hogar,1,18,0.1,10.59,3.62,3,4,No
P0013,Centro,Web,Hogar,4,32,0.2,18.63,4.98,8,3,No
P0014,Norte,Web,Audio,5,45,0,25.99,11.19,4,5,No
P0015,Occidente,App,Hogar,3,55,0,35.09,9.36,4,4,No
P0016,Oriente,Marketplace,Audio,4,95,0,55.89,6.09,10,2,No
P0017,Oriente,App,Accesorios,4,12,0,6.89,6.11,1,5,No
P0018,Oriente,Marketplace,Oficina,7,8,0.2,3.45,8.45,9,2,No
P0019,Occidente,App,Cuidado_personal,5,22,0.2,13.8,8.03,3,5,No
P0020,Oriente,App,Cuidado_personal,7,22,0.05,10.11,6.21,3,5,No
P0021,Oriente,Marketplace,Oficina,6,42,0,19.82,10.75,5,5,No
P0022,Occidente,Web,Oficina,7,8,0,2.93,6.51,4,4,No
P0023,Occidente,Marketplace,Audio,2,28,0,16.31,10.76,8,3,No
P0024,Occidente,App,Hogar,3,80,0.1,50.85,6,6,4,No
P0025,Centro,Web,Hogar,6,80,0.05,48.42,3.66,6,4,No
P0026,Centro,Marketplace,Oficina,1,15,0.15,7.72,12.88,4,4,No
P0027,Centro,Web,Oficina,5,42,0.15,21.37,6.71,4,5,No
P0028,Occidente,App,Hogar,3,80,0.2,50.17,6.67,5,2,Si
P0029,Norte,App,Cuidado_personal,1,60,0.2,32.35,9.64,1,5,No
P0030,Centro,App,Audio,4,45,0.1,26.96,9.06,1,5,No
P0031,Oriente,App,Cuidado_personal,5,14,0.1,6.25,10.47,5,4,No
P0032,Oriente,Marketplace,Audio,2,45,0,25.24,12.12,9,2,No
P0033,Oriente,App,Accesorios,5,35,0.2,16.05,5.7,4,4,No
P0034,Norte,Marketplace,Oficina,6,42,0.1,21.18,8.13,10,2,No
P0035,Oriente,App,Hogar,5,32,0.05,21.4,10.7,2,5,No
P0036,Occidente,Web,Audio,3,95,0.2,54,8.03,6,4,No
P0037,Occidente,App,Oficina,6,15,0.2,7.34,5.22,5,4,No
P0038,Occidente,App,Audio,3,28,0,17.27,9.78,5,5,No
P0039,Oriente,App,Hogar,4,32,0.05,21.56,9.79,4,4,No
P0040,Centro,Web,Hogar,3,32,0.1,21.76,11.4,6,4,No
P0041,Norte,App,Accesorios,1,12,0,3.75,11.58,2,4,Si
P0042,Norte,App,Cuidado_personal,2,60,0.1,31.85,10.01,6,4,No
P0043,Norte,Web,Accesorios,5,35,0,12.84,10.46,7,4,No
P0044,Occidente,Web,Cuidado_personal,5,14,0.1,7.21,7.38,8,3,No
P0045,Oriente,Web,Hogar,2,32,0,19.19,10.97,2,5,No
P0046,Occidente,Web,Audio,7,95,0,54.45,3.16,2,5,No
P0047,Centro,App,Oficina,2,24,0.1,12.86,7.75,5,4,No
P0048,Norte,App,Hogar,6,18,0,9.49,3.87,1,5,No
P0049,Occidente,App,Oficina,3,24,0.25,13.18,7.17,1,5,No
P0050,Oriente,App,Accesorios,2,6,0.15,3.89,6.23,5,3,Si
P0051,Occidente,App,Cuidado_personal,3,38,0,19.46,3.78,2,5,No
P0052,Occidente,Marketplace,Cuidado_personal,2,22,0.2,13.83,12.04,9,1,Si
P0053,Centro,Marketplace,Audio,2,65,0.25,36.22,8.66,7,3,No
P0054,Norte,App,Accesorios,2,12,0,4.4,9.4,5,4,No
P0055,Oriente,Web,Cuidado_personal,2,38,0,21.92,4.26,5,5,No
P0056,Oriente,Marketplace,Cuidado_personal,7,60,0,34.48,11.81,9,3,No
P0057,Norte,Web,Accesorios,2,6,0.15,1.82,8.24,4,5,No
P0058,Occidente,Marketplace,Oficina,4,15,0.1,8.63,8.28,5,5,No
P0059,Norte,Web,Oficina,5,24,0.1,10.18,11.66,4,5,No
P0060,Centro,App,Cuidado_personal,4,38,0.1,20.87,6.06,2,5,No
P0061,Centro,Web,Audio,7,28,0,18.19,9.18,8,3,No
P0062,Norte,App,Audio,1,65,0,36.12,9.44,5,4,No
P0063,Oriente,Web,Oficina,3,24,0.05,12.24,5.35,6,4,No
P0064,Centro,Marketplace,Accesorios,5,20,0,8.69,10.04,5,5,No
P0065,Centro,Web,Oficina,5,8,0,5.02,5.37,3,5,No
P0066,Oriente,Web,Oficina,1,15,0.2,6.86,6.05,7,3,No
P0067,Centro,Web,Accesorios,6,20,0,10.03,9.36,7,4,No
P0068,Centro,Web,Oficina,5,8,0.1,2.02,8.06,2,5,Si
P0069,Oriente,App,Oficina,3,15,0,7.62,11.07,1,5,No
P0070,Oriente,Web,Hogar,5,55,0.2,34.25,8.78,8,1,Si
P0071,Occidente,Marketplace,Hogar,4,55,0.05,34.71,10.43,6,3,No
P0072,Centro,App,Hogar,1,80,0.25,48.72,4.76,2,5,No
P0073,Centro,Web,Oficina,6,42,0.2,20.84,8.42,3,5,No
P0074,Centro,App,Oficina,6,15,0.05,8.08,8.33,3,4,No
P0075,Norte,App,Oficina,7,42,0,20.63,6.45,2,5,No
P0076,Centro,Marketplace,Audio,5,45,0,26.82,8.31,5,4,No
P0077,Occidente,Web,Cuidado_personal,7,22,0,12.26,9.47,4,5,No
P0078,Occidente,Web,Cuidado_personal,2,38,0,21.79,5.13,6,5,No
P0079,Norte,Marketplace,Hogar,2,80,0.25,49.64,12.66,10,2,No
P0080,Centro,Marketplace,Hogar,5,18,0.15,12.83,5.47,9,3,No
P0081,Centro,Marketplace,Cuidado_personal,6,38,0.25,20.5,12.65,4,3,Si
P0082,Norte,App,Audio,5,45,0.2,26.92,3.14,5,5,No
P0083,Norte,Web,Audio,3,45,0.05,25.73,5.95,2,5,No
P0084,Oriente,Web,Accesorios,4,6,0,1.83,3.19,5,5,No
P0085,Oriente,Web,Audio,5,65,0.25,38.87,8.79,5,5,No
P0086,Centro,App,Accesorios,4,20,0.05,7.03,3.85,1,5,Si
P0087,Norte,Marketplace,Cuidado_personal,1,14,0.05,7.65,6.36,4,5,No
P0088,Norte,Marketplace,Hogar,2,55,0.1,33.24,11.38,4,5,No
P0089,Norte,Web,Accesorios,1,6,0.05,0.6,7.26,2,5,No
P0090,Norte,App,Audio,5,45,0.05,25.22,4.78,2,5,No
P0091,Oriente,App,Accesorios,2,20,0,8.41,4.52,5,4,No
P0092,Occidente,Marketplace,Hogar,1,18,0.15,11.5,11.93,7,3,No
P0093,Norte,Web,Audio,3,45,0.15,26.71,5.75,4,4,No
P0094,Oriente,Web,Accesorios,7,12,0,5.1,9.21,6,4,No
P0095,Centro,Marketplace,Accesorios,5,35,0.1,15.04,6.5,10,3,No
P0096,Norte,Web,Accesorios,3,35,0,13.3,5.05,3,5,No
P0097,Centro,Marketplace,Cuidado_personal,6,14,0.25,9.35,7.63,7,3,No
P0098,Oriente,Web,Cuidado_personal,3,60,0.2,31.49,10.81,3,5,No
P0099,Centro,Web,Oficina,4,24,0.15,10.58,6.68,4,5,No
P0100,Occidente,Web,Accesorios,4,12,0.1,5.4,5.68,4,5,No
P0101,Oriente,Web,Oficina,4,42,0.25,21.78,11.19,2,5,No
P0102,Oriente,App,Hogar,4,80,0.05,51.51,9.49,1,5,No
P0103,Centro,App,Cuidado_personal,4,60,0.1,34.11,9.19,1,5,No
P0104,Occidente,App,Accesorios,3,6,0.15,2.19,5.35,3,5,No
P0105,Norte,App,Cuidado_personal,6,22,0.05,13.77,9.02,1,5,No
P0106,Norte,Marketplace,Accesorios,2,6,0,0.7,10.71,9,3,No
P0107,Oriente,Marketplace,Cuidado_personal,2,14,0.25,5.96,10.21,6,4,No
P0108,Occidente,Web,Accesorios,5,6,0.2,4.42,11.88,3,5,No
P0109,Occidente,Web,Audio,7,95,0.2,54.37,9.28,4,5,No
P0110,Centro,Marketplace,Accesorios,2,12,0.15,3.57,11.84,9,2,No
P0111,Oriente,Marketplace,Oficina,1,8,0,1.96,12.32,6,4,No
P0112,Occidente,App,Oficina,6,8,0,3.26,11.73,2,5,No
P0113,Centro,Marketplace,Hogar,4,55,0.1,34.99,11.86,8,4,No
P0114,Norte,Marketplace,Cuidado_personal,5,38,0.05,22.61,5.51,6,4,No
P0115,Occidente,App,Hogar,1,55,0.1,35.89,11.45,4,5,No
P0116,Centro,Web,Cuidado_personal,1,60,0.1,34.47,11.92,3,5,No
P0117,Norte,Web,Audio,2,28,0.2,16.08,7.37,4,5,No
P0118,Oriente,Web,Accesorios,6,20,0.1,8.12,5,4,4,No
P0119,Oriente,App,Accesorios,7,35,0.05,13.17,9.22,1,5,No
P0120,Centro,Web,Cuidado_personal,3,60,0,34.46,9.82,8,2,Si
P0121,Norte,Marketplace,Hogar,1,55,0.05,34.42,12.68,6,4,No
P0122,Centro,Marketplace,Hogar,2,18,0.05,10.01,5.07,5,5,No
P0123,Norte,Marketplace,Cuidado_personal,5,38,0.25,19.36,11.78,8,3,No
P0124,Occidente,App,Hogar,1,18,0,12.96,4.2,6,3,No
P0125,Oriente,Marketplace,Cuidado_personal,4,38,0,22.17,7.4,5,4,No
P0126,Norte,Marketplace,Hogar,1,18,0,10.01,10.79,7,3,No
P0127,Oriente,Web,Audio,5,28,0,15.33,10.36,6,2,Si
P0128,Oriente,App,Audio,2,65,0.2,39.14,10.36,5,4,No
P0129,Norte,Marketplace,Oficina,6,8,0,3.23,11.47,5,4,No
P0130,Oriente,App,Audio,7,95,0.2,56.87,6.29,5,4,No
P0131,Norte,App,Accesorios,7,12,0,3.91,4.13,3,5,No
P0132,Oriente,App,Audio,3,45,0.2,26.54,8.36,2,5,No
P0133,Occidente,Web,Accesorios,5,12,0,3.95,10.83,7,3,No
P0134,Norte,Web,Audio,6,95,0.05,54.27,5.48,6,4,No
P0135,Occidente,Marketplace,Oficina,2,42,0,20.66,13.17,9,3,No
P0136,Centro,Web,Accesorios,6,35,0,15.3,7.37,4,5,No
P0137,Oriente,Web,Audio,4,45,0.05,27.38,3.71,4,4,No
P0138,Centro,App,Audio,7,65,0,37.24,3.11,3,5,No
P0139,Oriente,App,Accesorios,2,12,0.1,4.92,6.54,2,5,No
P0140,Occidente,Marketplace,Audio,4,28,0.05,14.69,8.97,4,5,No
P0141,Occidente,App,Oficina,1,8,0.2,4.39,9.19,3,5,No
P0142,Oriente,App,Cuidado_personal,7,22,0.15,10.48,11.88,2,5,No
P0143,Norte,Web,Hogar,2,32,0,19.75,5.86,5,4,No
P0144,Oriente,App,Hogar,7,80,0.15,49.31,6.72,5,4,No
P0145,Norte,Web,Audio,6,45,0.25,25.65,3.91,5,5,No
P0146,Oriente,Web,Audio,6,65,0,36.54,4.25,4,5,No
P0147,Occidente,App,Audio,6,95,0,55.33,3.78,1,4,Si
P0148,Centro,Web,Cuidado_personal,2,38,0.2,22.38,11.43,6,4,No
P0149,Centro,App,Audio,6,95,0,53.72,7.15,3,5,No
P0150,Centro,Web,Accesorios,6,12,0,4.53,7.32,7,3,No
P0151,Occidente,App,Cuidado_personal,7,60,0.1,32.49,3.35,6,3,No
P0152,Centro,Web,Cuidado_personal,3,14,0,8.95,7.94,6,3,No
P0153,Centro,Marketplace,Hogar,5,80,0.15,47.6,13.71,6,4,No
P0154,Norte,App,Audio,1,95,0.1,54.03,10.87,5,3,Si
P0155,Occidente,Web,Accesorios,1,12,0.25,4.57,7.07,4,5,No
P0156,Oriente,App,Accesorios,1,35,0.1,15.74,9.23,6,4,No
P0157,Occidente,Web,Hogar,6,55,0.05,33.8,4.18,7,3,No
P0158,Centro,App,Hogar,6,18,0.1,11.09,10.41,1,5,No
P0159,Oriente,Marketplace,Cuidado_personal,3,60,0.25,34.95,7.24,4,4,Si
P0160,Occidente,App,Accesorios,2,6,0.15,2.27,11.39,1,5,No
P0161,Occidente,Marketplace,Audio,1,65,0.05,37.51,9.6,10,3,No
P0162,Occidente,Marketplace,Cuidado_personal,4,38,0,21.73,6.95,5,4,No
P0163,Centro,App,Oficina,6,15,0.1,7.62,7.81,3,5,No
P0164,Norte,Web,Oficina,6,8,0,3.82,8.51,7,3,No
P0165,Occidente,App,Accesorios,1,20,0,7.66,9.72,3,5,No
P0166,Oriente,App,Accesorios,2,20,0.25,7.21,5.62,2,5,No
P0167,Norte,App,Audio,6,65,0.1,39.03,6.84,4,4,No
P0168,Occidente,Web,Oficina,4,24,0.05,11.98,5.73,5,4,No
P0169,Centro,Marketplace,Audio,7,28,0.1,18.11,13.11,7,4,No
P0170,Oriente,Web,Audio,5,45,0.15,24.9,5.55,3,4,Si
P0171,Oriente,App,Accesorios,7,35,0,16.68,10.4,4,5,No
P0172,Occidente,Web,Oficina,5,24,0.05,9.83,8.92,6,4,No
P0173,Norte,App,Oficina,3,8,0.25,5.5,7.01,5,2,Si
P0174,Centro,Web,Oficina,1,8,0,2.44,7.63,8,3,No
P0175,Centro,App,Hogar,5,32,0.05,20.89,3.29,3,5,No
P0176,Occidente,App,Hogar,7,80,0,47.88,7.71,1,5,No
P0177,Occidente,App,Hogar,4,32,0.25,18.26,6.66,4,4,No
P0178,Centro,Web,Audio,4,95,0.1,53.16,10.86,8,4,No
P0179,Norte,App,Accesorios,7,20,0,8.83,7.15,4,4,No
P0180,Norte,Marketplace,Accesorios,2,20,0.15,7.61,8.85,6,3,No
